code,per,pbr,roe_pct,equity_ratio_pct,dividend_yield_pct,op_income_yoy_pct,credit_ratio,vol5,vol25,volratio_5_25
6920,25.1,25.1,28.59,,-1413891264102,54.9,7.42,5228100,7329848,0.7132617211161814
215A,34.3,34.3,30.81,,-1413891264102,1,1.03,2021000,2911996,0.6940256786067014
7011,49.3,49.3,10.94,,-1413891264102,37.4,4.06,25914660,27027332,0.9588316005442195
