code,per,pbr,roe_pct,equity_ratio_pct,dividend_yield_pct,op_income_yoy_pct,credit_ratio,vol5,vol25,volratio_5_25
215A,34.3,13.14,30.81,,0.0,,1.03,2021000,2911996,0.6940256786067014
6920,25.1,7.17,28.59,,1.97,,7.42,5228100,7329848,0.7132617211161814
