code,close,per,pbr,roe_pct,equity_ratio_pct,dividend_yield_pct,op_income_yoy_pct,credit_ratio,vol5,vol25,volratio_5_25
6920,16600.0,25.1,7.17,28.59,,-1413891264102,54.9,7.42,5228100,7329848,0.7132617211161814
215A,,34.3,13.14,30.81,,-1413891264102,,1.03,4,2,2.0
7011,3812.0,49.3,5.4,10.94,,-1413891264102,37.4,4.06,25914660,27027332,0.9588316005442195
